title,subtitle,series,author,narrator,duration,rating,review_count,summary,category,subcategory,tags,link,podcast_type,publisher,review_1,review_2,review_3,review_4,review_5,review_6,review_7,review_8,review_9,review_10,target
Harry Potter e i Doni della Morte (Harry Potter 7), ,"Harry Potter, Titolo 7",J.K. Rowling,Francesco Pannofino,1241,5.0,7193.0,"Il confronto finale con Voldemort √® imminente, una grande battaglia √® alle porte e Harry, con coraggio, compir√† ci√≤ che dev‚Äôessere fatto. Mai i perch√© sono stati cos√¨ tanti e mai come in quest'opera si ha la soddisfazione delle risposte. Giunti all‚Äôultimo secondo si vorr√† riascoltare tutto daccapo, per chiudere il cerchio e ritardare il distacco dai meravigliosi personaggi che ci hanno accompagnato per cos√¨ tanto tempo. Francesco Pannofino √® un celebre attore italiano di cinema, TV e teatro, nonch√© voce ufficiale italiana di George Clooney. Amato per aver interpretato Ren√© Ferretti nella serie televisiva Boris e l'investigatore Nero Wolfe nell'omonima serie televisiva italiana, √® inoltre conosciuto anche per aver prestato la voce a molte star di Hollywood, tra cui Denzel Washington, Antonio Banderas, Tom Hanks, Kevin Spacey e molti altri. ",Adolescenti e Ragazzi,Fantascienza e fantasy,Fantasy,https://www.audible.it/pd/Harry-Potter-e-i-Doni-della-Morte-Harry-Potter-7-Audiolibri/B07C5MH1XK?qid=1720903362&sr=1-1&ref_pageloadid=mJF8dvHcyLB8f7AV&ref=a_search_c3_lProduct_1_1&pf_rd_p=67f8f22b-aed1-45a6-a456-d09beff03315&pf_rd_r=FR63C6P7MDFVEDHK20R8&pageLoadId=wQeKHNJpbsnfBuyp&creativeId=b2592cc9-1111-40d9-9474-98f67c8075cc,False,Pottermore Publishing,Ascoltare tutti e 7 i libri di H. P. narrati da Pannofino √® stato fantastico! Ho passato ore piacevoli seguendo ogni parola narrata con eccezionale maestria da Pannofino. Da non perdere. Da riascoltare. E ora che √® finito?...,"Mi ha riportato all'infanzia, periodo in cui ho letto i libri.J.K.Rowling √® veramente una bravissima scrittrice e l'interpretazione di Pannofino delle storie del maghetto pi√π famoso al mondo √® superba!Consiglio vivamente a tutti l'ascolto.","questo e i precedenti mi ha fatto sempre suscitare le emozioni dovute alle situazioni : ridere dove faceva sorridere, arrabbiare dove lo richiedeva, e anche quasi piangere alle varie situazioni di morte di molti personaggi. Grazie . Ho visto i film e ho letto i libri pi√π e pi√π volte di questo fantastico mondo magico.ripeto: Grazie","la suspance non ti lascia tranquillo devi andare avanti e sapere come va a finire, ci sono tantissimi colpi di scena totalmente inaspettati, pugni allo stomaco perch√© ti sei affezionato a dei personaggi che poi voglio direi che questo romanzo non manca proprio niente, Salvo forse il finale che che personalmente ho trovato molto in contrasto con tutto il resto del romanzo, ma poi mente era l'intenzione della ruling dare il senso di una persona che finalmente ha trovato la sua dimensione quotidiana.Straordinario il personaggio del Professor Piton che suscita sentimenti forti fino alla fine, lasciandoci di sasso e a bocca aperta.","il miglior capitolo della saga, Francesco Pannofino √® un maestro del doppiaggio, capace di farti sprofondare e vedere la storia che narra","Al di la del contenuto che pu√≤ piacere o meno, a mio parere l‚Äôattore Pannofino da una interpretazione eccellente. Rende l‚Äôascolto incredibilmente piacevole ed interessante. Ricorda e mantiene le voci con cui riesce a farti riconoscere i personaggi a distanza di capitoli.Forse la pi√π bella lettura che abbia ascoltato. Questa recensione vale Per tutti i libri di Herry Potter che ho ascoltato da Pannofino.","Mi ha positivamente sorpreso, non essendo normalmente un amante del genere. Il finale √® parzialmente scontato per√≤",GdtdMi √® piaciuto cd giggle gbhb uhh üò¨ vivo June huh huhNunn nun nun nun un,Ottimo per tutta la famiglia adulti e adolescentiLetto e riletto pi√π volte durante il covid19,"Pannofino √® stata una certezza , bravissimoSono decisamente triste che la narrazione sia ‚Äúgi√† ‚Äú conclusa üò¢",4
Manuale per ragazze rivoluzionarie, , ,Giulia Blasi,Giulia Blasi,484,4.8,678.0,"Ragazze, non c'√® pi√π tempo da perdere: bisogna fare la rivoluzione. Viviamo in una societ√† che purtroppo non √® ancora paritaria fra i sessi in termini di rispetto, opportunit√†, trattamento. Se nel Novecento sono stati fatti enormi passi avanti per le donne, dagli anni '80 in poi il femminismo si √® come addormentato, mentre il successo ha continuato a essere per lo pi√π riservato ai maschi e in tv apparivano ballerine svestite e senza voce. La violenza sulle donne non si √® mai fermata e chi denuncia le molestie tuttora corre rischi e prova vergogna. Ecco perch√© oggi √® giunto il momento che le ragazze di ogni et√† raccolgano il testimone delle loro nonne e bisnonne per fare una rivoluzione epocale.  In questo saggio profondo ed elettrizzante Giulia Blasi offre consigli concreti per mettere in atto un femminismo pieno di ottimismo e spirito di collaborazione (evviva la sorellanza!) che possa rendere tutti pi√π sereni, rispettosi, appagati e felici. Anche gli uomini. ",Politica e scienze sociali,Scienze sociali,"Letteratura e narrativa, Scienze sociali, Studi sulla femminilit√†",https://www.audible.it/pd/Manuale-per-ragazze-rivoluzionarie-Audiolibri/B07JQXZCB8?qid=1720903362&sr=1-9&ref_pageloadid=mJF8dvHcyLB8f7AV&ref=a_search_c3_lProduct_1_9&pf_rd_p=67f8f22b-aed1-45a6-a456-d09beff03315&pf_rd_r=FR63C6P7MDFVEDHK20R8&pageLoadId=wQeKHNJpbsnfBuyp&creativeId=b2592cc9-1111-40d9-9474-98f67c8075cc,False,Emons Edizioni,"Prendere coscienza che viviamo nel patriarcato √® per molti, donne e uomini, difficilissimo. Questo libro aiuta molte persone ad aprire gli occhi e, a quelle con gi√† un occhio aperto, a capire che non sono sole.","Tutti dovrebbero avere questo libro nella propria libreria. Una lettura che ti aiuta ad essere pi√π consapevole sul femminismo, di facile comprensione, utilizzando una modalit√† di scrittura semplice e chiara.",Il libro che tutti dovrebbero leggere. √à il primo libro sul femminismo che ho letto ma mi ha aperto un mondo. Grazie Giulia per questo piccola grande opera!,libro bellissimo che spazia dal passato al presente portando a spunti e riflessioni non immediate...ci porta a vedere il femminismo con altri occhi e a porci obiettivi concreti.,Inserito nella mia wish list. Voglio la versione cartacea! Dopo averlo ascoltato per intero voglio rileggerlo e poterlo riprendere in ogni momento!,Un libro che apre la mente sotto tanti punti di vista. Giulia Blasi √® coinvolgente nei contenuti e nell'esposizione. Non sempre facile da comprendere e anche da digerire ma √® una lettura che porta un grande valore aggiunto a ogni lettore e apre lo sguardo sul ruolo di ognuno di noi per una societ√† migliore e pi√π equa.,"Ottimo per capire cosa sia il Femminismo ed evitare di cadere nei classici luoghi comuni e banalizzazioni della questione.Mi √® piaciuto molto, lo consiglio a tutt*","Perfetto per chi √® nuovx, ma un buon rinfresco anche per chi √® gi√† femminista.","Sono molto contenta di aver ascoltato questo libro che ha dato un nome ed un volto a quel fastidio, a quel disagio che mi accompagna da anni senza che io sia mai riuscita ad identificarlo. Grazie Giulia","un vero manuale per rivoluzionari molto interessante e stimolante. secondo me, come molte cose, affronta e amplia concetti universali.",2
La corte di fiamme e argento, , ,Sarah J. Maas,Ester Parrulli,1605,4.5,319.0,"Nesta Archeron non √® quel che si dice un tipo facile: fiera del suo carattere spigoloso, √® particolarmente facile alla rabbia e poco incline al perdono. E da quando √® stata costretta a entrare nel Calderone ed √® diventata una Fae contro la sua volont√†, ha cercato in ogni modo di allontanarsi dalla sorella e dalla corte della Notte per trovare un posto per s√© all'interno dello strano mondo in cui √® costretta a vivere. Quel che √® peggio √® che non sembra essere ancora riuscita a superare l'orrore della guerra con Hybern. Di certo non ha dimenticato tutto ci√≤ che ha perso per colpa sua. A rendere ancora pi√π irritante la sua situazione, poi, ci pensa Cassian, apparentemente dotato di una naturale predisposizione a farle perdere il controllo. Ogni occasione √® buona per stuzzicarla e provocarla, rendendo per√≤ allo stesso tempo evidente la natura del focoso legame che, loro malgrado, li unisce. Nel frattempo, le quattro infide regine, che durante l'ultima guerra si erano rifugiate sul Continente, hanno siglato una nuova e pericolosa alleanza, una grave minaccia alla pace stabilita tra i regni. E la chiave per arrestare le loro mire potrebbe risiedere nella capacit√† di Cassian e Nesta di affrontare una volta per tutte il loro passato. Sullo sfondo di un mondo marchiato dalla guerra e afflitto dall'incertezza, i due Fae tenteranno di venire a patti con i loro personali mostri, con la certezza di trovare, l'uno nell'altra, quel qualcuno che li accetta cos√¨ come sono e che li pu√≤ aiutare a lenire tutte le ferite. ",Adolescenti e Ragazzi,Fantascienza e fantasy,Fantasy,https://www.audible.it/pd/La-corte-di-fiamme-e-argento-Audiolibri/B0BDLHB6L4?qid=1720903734&sr=1-79&ref_pageloadid=qhQVMsSAtQhWMVvc&ref=a_search_c3_lProduct_4_19&pf_rd_p=67f8f22b-aed1-45a6-a456-d09beff03315&pf_rd_r=WJJJJ1H8DSJQAF0WHKWM&pageLoadId=LD8iU3FVd0ede0wh&creativeId=b2592cc9-1111-40d9-9474-98f67c8075cc,False,Mondadori Libri S.p.A.,"Questo fantasy √® molto particolare, una nota erotica molto importante, non proprio il mio genere, che mi ha cmq fatto apprezzare molto questo capitolo della saga per gli argomenti trattati e la lettura appassionata e sentita.Ho apprezzato molto le lotte interiori del personaggio principale (Nesta) l'eroina che dopo aver sconfitto il nemico che le aveva portato via tutto si trova a dovere combattere le emozioni contrastanti che sono rimaste.Ho apprezzato molto l'esplorazione di temi come la depressione e l'autodistruzione che toccano anche le persone pi√π forti.","Come sempre la Maas riesce a creare personaggi super interessanti, 5 stelle meritate per la storia in s√© e per la lettrice davvero brava!","un fantasy un po' diverso, a tratto noioso e banale, ma dalla storia cmq avvincente. La lettura non √© male, ma personalmente ho odiato la dizione della doppia 'tt'.","bello,il riscatto,la trasformazione da vittime e vittoriose,ma il finale mi lascia in sospeso tante cose mi aspettavo un altro libro, invece","Credo che la Lettrice, con la sua voce incantevole e le sue capacit√† interpretative, abbiano dato a questo bellissimo racconto un eco sorprendente ed avvincente. Consiglio sinceramente di ascoltare questo libro √® di lasciarsi andare .","ho adorato questo 4 libro della saga, emozionante e mai scontato. ti affezioni ai personaggi che diventano parte di te",Avevo paura che questo quarto volume potesse diventare noioso o comunque meno intrigante rispetto agli altri. In realt√† mi ha stupito perch√© non fa altro che riconfermare la bravura della scrittrice. Riesce sempre in modo nuovo ad incuriosire sorprendere e fa riflettere,"Ho adorato la serie e anche la lettura, molto coinvolgente e piacevole! Vorrei poter ricominciare da capo a leggerlaü•π","il libro si ascolta molto piacevolmente grazie anche alla narratrice.rispetto agli altri della serie troppe scene di sesso,ne sarebbero bastate di meno.","Su questo libro avevo letto pareri contrastanti, ma personalmente l‚Äôho trovato il migliore della saga (pur non avendo apprezzato la descrizione delle scene di sesso)",4
"Il talento √® un dono, il successo un mestiere", , ,Claudio Cecchetto,Maurizio Fiorentini,530,4.6,65.0,"""Ho pensato tanti programmi, alcuni li ho solo presentati, altri li ho costruiti da zero. Ho prodotto dischi, ho fondato Radio, progettato software, scelto vinili in consolle e firmato contratti per me e per i miei artisti. In tutti questi ruoli, ho imparato che non esistono due situazioni uguali. Per me √® sempre la prima volta. Ci risiamo: sono qui, e con me ci sono Mapi, Jody e Leonardo. Ci sono i miei artisti, i miei amici, diversi fra loro, ma uguali nell'essere speciali. Mi hanno permesso di realizzare il sogno di creare qualcosa che resista al tempo e che prosegua oltre me. Hanno mantenuto tutte le promesse, sono fiero di loro, fiero di noi. Comincio a sentire l'adrenalina che sale e la sensazione mi fa sorridere. Sono io, Claudio Cecchetto da Ceggia, paese di seimila anime in provincia di Venezia. Sono io, e ci sto provando ancora"". Insieme a questo titolo potrai ricevere un documento PDF con contenuti extra. Contatta l'Assistenza Clienti per riceverlo. >> Questo audiobook in edizione integrale vi √® offerto in esclusiva per Audible ed √® disponibile solamente in formato audio digitale. ",Affari e carriera,Gestione e leadership,"Management, Ricerca del lavoro",https://www.audible.it/pd/Il-talento-%C3%A8-un-dono-il-successo-un-mestiere-Audiolibri/3946477763?qid=1720906840&sr=1-71&ref_pageloadid=uYvOiGg9FgkyRX8o&ref=a_search_c3_lProduct_4_11&pf_rd_p=67f8f22b-aed1-45a6-a456-d09beff03315&pf_rd_r=69YRVC1C7AHJQFBWWPHC&pageLoadId=u0Ta2YkRrSGXQDDK&creativeId=b2592cc9-1111-40d9-9474-98f67c8075cc,False,Audible Studios,"Precursore dei tempi che furono, racconta la sua storia fino si giorni d‚Äôoggi, la sua storia di cinquanta anni di intrattenimento e di radio fm, Unica nota stonata, se cos√¨ posso dire, mi sarebbe piaciuto fosse se stesso a raccontarlo, la propria voce, le proprie emozioni.",Con questo libro si percorre la vita di Cecchetto e della storia delle radio e televisione italiane nel periodo della loro crescita. Grande personaggio.,"ascoltato quasi tutto in una volta, veramente una storia splendida, una storia di vita vera!","Mi √® piaciuto molto, non conoscevo la sua storia, una vita intensa e piena di amicizia e stima.Mi ha accompagnato nel tragitto lavoro casa e quando smettevo di ascoltare non vedevo l'ora di risalire in macchina per continuare ad emozionarmi.Grazie Cecchetto","Umilt√†, discrezione, lealt√†,energia ed entusiasmo con tanta gratitudine... l'autore rispecchia in pieno a mio avviso l'evoluzione umana. grazie per la condivisione.","...senza quest'uomo sarebbero mancati un sacco di miti e canzoni della mia giovent√π..Bel racconto, anche l'idea di esporre gli eventi per ""argomento"" e non seguendo una linea temporale mi √® piaciuto!Consigliato.","Per i nativi tra gli anni 70/80 contenuto imprescindibile. Una cavalcata nel costume, nelle tendenze e nei dietro le quinte della nostra giovent√π. Dalla prospettiva di un personaggio originale che, talvolta in modo esposto, pi√π frequentemente ‚Äúda dietro‚Äù, quelle stagioni le ha di fatto condizionate pesantemente.La sola multi-prefazione dei personaggi Cecchettiani vale il download.Letto molto bene!",Emozionante viaggio nella radio network e nella vita di Claudio Cecchetto!Come direbbe lui ‚ÄúUna figata‚Äù,"Il libro √© veramente bello, stimolante, pieno di energia, ripercorre la storia musicale degli ultimi 4 decenni del nostro paese e non solo. Cecchetto √© veramente una persona fuori dal comune, non nascono tante persone cos√¨. M √© talmente piaciuto questo libro (avevo gi√† la versione Kindle), da spingermi a voler sentire anche la versione audible. Ottima anche la lettura, coinvolgente, piacevole, con i tempi giusti. Libro super consigliato.",Un piacere leggere la sua storia e quella di tanti personaggi straordinari di un periodo che ho avuto la fortuna di vivere,5
Una Fortuna da condividere,L'unico metodo di vendita senza difetto e che non ha inconvenienti, ,Vash Young,Stefano Trillini,154,4.3,9.0,"Se le persone scoprissero cosa c'√® in questo audiolibro, le loro vendite sarebbero enormi. Ogni azienda che d√† impiego a nuovi venditori dovrebbe metterlo a disposizione ad ognuno di essi. In particolare, le compagnie assicurative. Dovrebbe essere un libro di testo in tutte le scuole di business - in tutte le scuole di ogni tipo. Descrive l'unico metodo di vendita senza difetto e che non ha alcun inconveniente. I suoi principi sono applicabili sia alla pubblicit√† sia all'arte del vendere. Il primo grande inserzionista che inserir√† nella sua pubblicit√† una tale concezione verso la competizione e l'umilt√† nei confronti della propria attivit√†, spazzer√† i mercati del paese come un incendio di prateria. Certamente non √® un audiolibro di economia, ma tra tutte le liste di audiolibri di economia, si trova sicuramente in cima. ",Affari e carriera,Successo personale,"Gestione del tempo e produttivit√†, Vendite e vendere",https://www.audible.it/pd/Una-Fortuna-da-condividere-Audiolibri/B08ZDRDT1N?qid=1720908440&sr=1-284&ref_pageloadid=5PANPGyvBZmYOCvw&ref=a_search_c3_lProduct_15_4&pf_rd_p=67f8f22b-aed1-45a6-a456-d09beff03315&pf_rd_r=P375A3SMNP2H0128HSA3&pageLoadId=FWqK6YnQmcvYiZMa&creativeId=b2592cc9-1111-40d9-9474-98f67c8075cc,False,Bore srl - Youcanprint.it,"Opera interessante, frutto di un altra epoca ma comunque ricca di spunti interessanti. Scorre molto agilmente","un audiolibro che ha sicuramente spunti riflessivi interessanti....punta all'introspezione ed al viaggio di crescita interiore... concetto di per s√© sempre valido ma, almeno per quanto mi riguarda, la sua impostazione ""religiosa"" √® troppo marcata e scontata....mi sarei aspettato molto di pi√π",,,,,,,,,5
Designer di successo,Tecniche e Segreti Del Primo Design Coach Al Mondo Su Come Diventare Un Professionista Affermato, ,Marco Bonetto,Andrea Locorotondo,118,4.0,1.0,"Terminato il tuo percorso formativo ti troverai ad affrontare il mondo professionale del design, la tua sensazione sar√† quella di attraversare un deserto a te sconosciuto, quindi ti domando attraverseresti mai il deserto senza conoscerlo o senza un GPS? No Vero? Attraverso la mia lunga esperienza io sar√≤ il tuo GPS per condurti in un mondo complesso risparmiando tempo e denaro, sono il primo Design Coach al mondo che ti affiancher√† trasmettendoti tutte quelle nozioni e strategie per diventare un designer di successo! Ho fortemente voluto intraprendere questa strada di design coach perch√© sono stanco di vedere migliaia di giovani designer che trascorrono anni in stage per comprendere il mondo della professione, giovani che non sanno realizzare un portfolio e non sanno come affrontare un colloquio di lavoro, la mia lunga esperienza vi insegner√† ad essere preparati e pronti senza commettere errori gravi. Ho costituito la Bonetto Design Academy con video corsi e corsi live.In questo libro e nei miei corsi troverai finalmente tutto quello che nessuno ti ha mai insegnato per diventare in breve tempo un designer di successo. Prefazione di Alfio Bardolla ",Affari e carriera,Gestione e leadership,"Leadership, Successo personale",https://www.audible.it/pd/Designer-di-successo-Audiolibri/B0C1GP25Z5?qid=1720909982&sr=1-455&ref_pageloadid=vho3o3LgSbqx92Js&ref=a_search_c3_lProduct_23_15&pf_rd_p=67f8f22b-aed1-45a6-a456-d09beff03315&pf_rd_r=W07VPH5VP0X0XEKHCN9P&pageLoadId=msMmTZhjjdv4qpG4&creativeId=b2592cc9-1111-40d9-9474-98f67c8075cc,False,Bore srl - Youcanprint.it,"Ascolto interessante, sia per Designer di professione o per studenti. Le parti che mi sono piaciute maggiormente riguardano l‚Äôesperienza personale del sig Bonetto nella descrizioni delle presentazioni dei prodotti ideati, ho trovato degli spunti interessanti e per certi versi mi ci sono trovato. Lo consiglio!Giordanoloi",,,,,,,,,,5
Calliope,The Sandman: Atto I - Episodio 17, ,"Neil Gaiman, Dirk Maggs","Riccardo Rossi, Stefano Crescentini, Martina Felli, Ilaria Stagni, Luca Biagini, Alessandro Campaiola, Nanni Baldini, Alessia Amendola",41,4.9,31.0,"Nota bene: L'opera non √® adatta ai minori. √à riservata esclusivamente a un pubblico adulto. Proprio come l'originale a fumetti, questo adattamento audio contiene linguaggio esplicito e scene di violenza, nonch√© riferimenti sessuali espliciti. La fruizione √® consigliata a un pubblico adulto. Acclamata dal Los Angeles Times Magazine come ""la pi√π grande saga nella storia delle graphic novel"", The Sandman ha cambiato le regole del gioco, con il suo mondo letterario tenebroso, sospeso tra fantasy e horror, creando, nel contempo, un fenomeno culturale globale. Finalmente, Audible e DC presentano la primissima produzione audio della serie best-seller del New York Times scritta dall'acclamato storyteller Neil Gaiman (che ne √® anche il co-produttore esecutivo). Sceneggiata e diretta dal pluripremiato autore Dirk Maggs, gi√† collaboratore di Gaiman, e interpretata da un cast d'eccezione, la prima parte di questa serie audio, numero 1 dei Bestseller di audio fiction negli Stati Uniti per il New York Times e numero 1 di vendite di titoli audio di fiction e saggistica nel Regno Unito, vi trasporter√† in un mondo che riscrive le regole dell'intrattenimento audio cos√¨ come The Sandman aveva ridefinito quelle della graphic novel. Quando Sogno, noto anche come Morfeo, il re immortale del mondo onirico, dei miti e dell'immaginazione, viene strappato al suo regno e imprigionato sulla terra da una setta diabolica, languisce per decenni prima di poter finalmente sottrarsi alla cattivit√†. Una volta libero, deve recuperare i tre ""strumenti"" che ripristineranno il suo potere e lo aiuteranno a ricostituire il suo dominio. Lungo il dipanarsi della storia dalle molte trame, Sandman scender√† negli Inferi per affrontare Lucifer, inseguir√† degli incubi ribelli che sono evasi dal suo regno e si imbatter√† in una folta schiera di personaggi dei fumetti DC, dei miti antichi, e del mondo reale, tra cui: i detenuti del manicomio di Arkham di Gotham City, dottor Destiny, la musa Calliope, le tre Parche, William Shakespeare, e molti altri ancora. Uno straordinario cast rende questo capolavoro un'esperienza audio degna della sua eredit√†, con Riccardo Rossi, Stefano Crescentini, Martina Felli, Ilaria Stagni, Luca Biagini, Alessandro Campaiola, Nanni Baldini, Alessia Amendola, Aurora Cancian, Gino la Monica, Emiliano Coltorti, Gabriele Sabatini, Mino Caprio, Vittoria Febbi, Paolo Marchese, Tiziana Avarista, Gianni Giuliano, Francesco Vairano, Christian Iansante, Franco Mannella, Melina Martello, Alessandro Rossi, Anna Cesareni, Ludovica Modugno, Alberto Angrisano, Alessandro Quarta, Ada Maria Serra Zanetti, Viola Graziosi e molte altre superstar del cinema, teatro e doppiaggio italiano.  A porre le basi della loro performance troviamo un paesaggio di suoni ed effetti cinematografici senza precedenti, che comprende anche la colonna sonora originale composta dal premio BAFTA James Hannigan. Seguite la voce narrante, lo stesso Neil Gaiman interpretato da Riccardo Rossi, mentre conduce gli ascoltatori lungo un sentiero tortuoso di miti, immaginazione e, spesso, terrore. Nemmeno nei vostri sogni pi√π sorprendenti avete ascoltato niente del genere. La prima parte della serie audio di The Sandman adatta i primi 3 volumi della serie di graphic novel (Preludi e Notturni, Casa di bambola, e Le terre del sogno). ",Fantascienza e fantasy,Fantasy,"Fantasy, Sceneggiature",https://www.audible.it/pd/Calliope-Audiolibri/3748039999?qid=1720910762&sr=1-12&ref_pageloadid=7NimLIqYFe4PKN6V&ref=a_search_c3_lProduct_1_12&pf_rd_p=67f8f22b-aed1-45a6-a456-d09beff03315&pf_rd_r=AECGHGJ046W7PEKZQ44A&pageLoadId=SDyP1UA3ehASo6BR&creativeId=b2592cc9-1111-40d9-9474-98f67c8075cc,False,Audible Originals,,,,,,,,,,,4
Rock Lit,"Musica e letteratura: legami, intrecci, visioni", ,Liborio Conca,Antonio Tintis,339,4.5,2.0,"A cosa serve la letteratura per chi fa rock? Come concorrono i libri a formare l‚Äôimmaginario di un musicista? Rock Lit offre qualche risposta e mette in fila temi, ispirazioni e gli artisti che abbiamo amato e amiamo ancora. Una riflessione su come immaginari, paesaggi e temi nati dall‚Äôinvenzione di scrittori come William S. Burroughs, Albert Camus, Flannery O‚ÄôConnor e molti altri abbiano ispirato ‚Äì e continuino a farlo ‚Äì band e cantautori: un intenso viaggio in compagnia di note e libri. Le strade della musica rock e della letteratura si sono incrociate miriadi di volte, sia esplicitamente sia in un modo pi√π sotterraneo, indiretto. Bob Dylan fulminato sulla via della letteratura beat, fino alla vittoria del premio Nobel. Robert Smith che da adolescente legge Lo straniero e scrive di getto Killing an Arab, uno dei primi successi dei Cure. William S. Burroughs e la sua tecnica di scrittura ‚Äì il cut up ‚Äì che influenz√≤ Patti Smith, Michael Stipe dei R.E.M. e Kurt Cobain. Ma anche un viaggio nella narrativa Southern Gothic, fondamentale per artisti come Sparklehorse o Nick Cave, e il ruolo di Alice, il personaggio creato da Lewis Carroll, nelle canzoni dei Beatles e del rock psichedelico. I Radiohead e George Orwell. Questo libro √® un viaggio lungo strade costellate da incroci, un percorso poco enciclopedico e molto immaginifico che raccoglie tracce da entrambi i poli ‚Äì quello letterario e quello musicale ‚Äì in un gioco di rimandi continui. ",Biografie e memorie,Intrattenimento e personaggi famosi,"Compositori e musicisti, Musica",https://www.audible.it/pd/Rock-Lit-Audiolibri/B0CLSDFMLB?qid=1720912831&sr=1-267&ref_pageloadid=4Mbv6zSg84DVfecW&ref=a_search_c3_lProduct_14_7&pf_rd_p=67f8f22b-aed1-45a6-a456-d09beff03315&pf_rd_r=V8T75DWCCVCDEVVAWMXJ&pageLoadId=iKrox0QowB36arJW&creativeId=b2592cc9-1111-40d9-9474-98f67c8075cc,False,Audible Studios,,,,,,,,,,,3
Cuore, , ,Edmondo De Amicis,Claudio Carini,585,4.6,71.0,"Insieme a Pinocchio, Cuore √® il pi√π grande successo letterario nell'Italia post risorgimentale. Pubblicato in quaranta edizioni in meno di un anno, e tradotto in numerosissime lingue, i valori contenuti in questo libro (l'amor di patria, il rispetto per i genitori, la difesa dei pi√π deboli, l'educazione, l'obbedienza) hanno formato intere generazioni. Strutturato come un diario di un alunno di una scuola elementare torinese, √® un libro che ha contribuito in maniera considerevole a creare un'unit√† tra le varie regioni, soprattutto a livello culturale. Public Domain (P)2015 Recitar Leggendo Audiolibri ",Audiolibri per bambini,Letteratura e narrativa,Classici,https://www.audible.it/pd/Cuore-Audiolibri/B01BY2FYRG?qid=1720917131&sr=1-203&ref_pageloadid=DLpzgrWTp1bDHP4W&ref=a_search_c3_lProduct_11_3&pf_rd_p=67f8f22b-aed1-45a6-a456-d09beff03315&pf_rd_r=50W08B541MS0H5Z6ZGVW&pageLoadId=6gqNEK2Qllc5dqfJ&creativeId=b2592cc9-1111-40d9-9474-98f67c8075cc,False,Recitar Leggendo Audiolibri,Ottima occasione per rinfrescare il ricordo dell'infanzia. In alcuni casi la memoria si era fermata al solo titolo del brano mensile. Mi sento rigenerata dal ricordo legato a un tempo che fu.,"libro meraviglioso, letto in maniera esemplare. I classici non si battono. a tratti commovente: consigliatissimo.",le emozioni che si provavano nell'infanzia tanti anni fa raccontare in modo attuale: certe emozioni sono eterne,"Libro che fa sempre commuovere, anche in tempi moderni con altri gusti. Lettura molto piacevole.",Il calore narrattivo esalta questo capolavoro letterario. √à un libro che tutti i ragazzi dovrebbero leggere. Io non l'ho letto da bambino ma mi aveva sempre incuriosito. Finalmente ora che ne ho 45 l'ho ascoltato con Audible ed √® stata un esperienza meravigliosa. Il narratore ha una voce unica. Consigliatissimo.,"Bel testo che riporta ai tempi che furono. Tempi in cui esisteva il Signor Maestro , tempi in cui c'era il perfido Franti, il buon Garrone, tempi in cui il farmacista era ancora lo speziale. Ascoltato con piacere anche per la buona lingua italiana.","Fermatevi! fermatevi e ascoltate questo capolavoro di De Amicis. Felicit√†, tristezza, gioia e dolore, rabbia e tenerezza. vale la pena ascoltarlo. la voce narrante, calda e rassicurante.","libro da leggere almeno una volta nella vita. E' stato interessante, riflessivo e molto toccante",Ho fatto abbastanza fatica a finirlo pk non riesci ad appassionarti che subito cambia capitolo,"e il ritorno agli anni delle scuole elementari, quando Cuore era un punto fermo della didattica educativa‚Ä¶ √® stato un tuffo nel passato riscoprirlo narrato. Ottima lettura!",13
Mal di pancia Calabrone,Formule magiche per tutti i giorni, ,Bruno Tognolini,Bruno Tognolini,18,4.7,20.0,"E il mal di pancia se ne va. Nel libro ci sono cinquanta formule magiche: funzionano tutte, ancora meglio se le canti. Fanno accadere le cose belle e cacciano via quelle noiose. Allora i calzettoni non scendono pi√π, i compleanni arrivano in fretta, i semafori diventano subito verdi, le supposte e le iniezioni non danno pi√π fastidio. Ma attento: le formule magiche vanno usate solo quand'√® necessario e non tutte in una volta. C'√® il rischio che al semaforo venga sonno, la supposta diventi verde e i brutti sogni si annidino tra i capelli. ",Audiolibri per bambini,Letteratura e narrativa,Poesia e filastrocche,https://www.audible.it/pd/Mal-di-pancia-Calabrone-Audiolibri/8831008390?qid=1720917551&sr=1-274&ref_pageloadid=uDBEZpvo37ZNxtWr&ref=a_search_c3_lProduct_14_14&pf_rd_p=67f8f22b-aed1-45a6-a456-d09beff03315&pf_rd_r=PQ3X976VBM49KP047MNH&pageLoadId=hqM5CbDYB0gSK0KI&creativeId=b2592cc9-1111-40d9-9474-98f67c8075cc,False,Salani,"Simpatiche,Intelligenti,Spiritose,Necessarie.Una per ogni Bisogno.Tutte per tante Emozioni.üêáLa Vita pu√≤ anche essere Letta cos√¨ e,cos√¨, piacevolmente, in Rima Vissuta.ü¶ä",,,,,,,,,,13
Il viaggio leggendario di Erick e Dominick, , ,DinsiemE,DinsiemE,179,4.5,16.0,"Siete pronti per l'avventura pi√π incredibile della vostra vita? √à una noiosissima giornata di pioggia a casa. Fuori il cielo √® grigio e sembra non esserci niente di divertente da fare. Erick e Dominick non sanno che tutto sta per cambiare. Un misterioso sconosciuto con il viso segnato da una cicatrice suona alla porta, consegnando loro un pacco altrettanto misterioso. L'involucro contiene un videogioco di cui i ragazzi non hanno mai sentito parlare prima. Chi l'ha mandato, e perch√©? Ma non c'√® tempo di farsi troppe domande: bisogna giocare! Il videogioco, per√≤, ha qualcosa di speciale e non appenai DinsiemE incominciano la partita, si ritrovano catapultati dentro l'avventura, con una difficilissima missione da compiere. Il Regno di Leggendaria, infatti, √® in pericolo da quando il malvagio Dottor Giniu ha spodestato i legittimi sovrani, Isabella e Romeo. Per riportarli sul trono, Erick e Dominick dovranno attraversare le fitte foreste di Camelot, navigare sulle acque tempestose di Atlantide, perdersi tra le mille colonne di marmo dell'Olimpo. Ma nessuna sfida √® impossibile da superare, grazie all'aiuto di vecchi e nuovi amici. Erick e Dominick sono disposti a tutto per salvare Leggendaria, e voi siete pronti ad accompagnarli? ",Audiolibri per bambini,Azione e avventura,Azione e avventura,https://www.audible.it/pd/Il-viaggio-leggendario-di-Erick-e-Dominick-Audiolibri/B09N41Z9Y2?qid=1720918905&sr=1-448&ref_pageloadid=w8cNB1YV3D7t8xcM&ref=a_search_c3_lProduct_23_8&pf_rd_p=67f8f22b-aed1-45a6-a456-d09beff03315&pf_rd_r=FA2ASXVJ2A3RBKATGQ3G&pageLoadId=gr6yRym3UO5aKtVN&creativeId=b2592cc9-1111-40d9-9474-98f67c8075cc,False,Salani,molto bello ho adorato questo libro all'inizio sembrava un video noiosissimo e invece √® pieno di avventura e fantasia ve lo consiglio,Ho adorato questo libro perch√© √® pieno di emozioni e sentimenti.Io adoro i DinsiemEConsiglio il libro a tutti quelli che amano l‚Äôavventura e soprattutto i DinsiemE,√à stato come tuffarmi nella vostra avventura!Fantastici e troppo buffivi seguo e mi fate morire dal ridere,"Una moderna favola, piena di fantasia e divertente chi legge coinvolge con il racconto",Purtroppo non posso valutare la storia in quanto dopo pochi minuti ho dovuto interrompere l‚Äôascolto perch√© ascoltare le voci dei lettori mi infastidiva.,,,,,,13
Se nascerai donna, , ,Oriana Fallaci,Maria Rosaria Omaggio,818,4.6,152.0,"La carriera di Oriana Fallaci √® costellata da incontri con le figure femminili del suo tempo, a partire dai primi articoli di cronaca commissionati dall'""Europeo"". La giornalista incontrer√† modelle, cantanti, attrici di Cinecitt√† e star di Hollywood, ma anche personaggi della moda come Coco Chanel o Mary Quant, diventate poi icone per generazioni a venire. Negli anni ruggenti della protesta femminista, intervister√† le protagoniste del movimento come Kate Millett, osservando da testimone attento i cambiamenti epocali che segneranno l'Italia, uno su tutti il referendum sul divorzio. Negli anni Settanta, il periodo in cui colleziona le sue interviste ai potenti della Terra, riuscir√† a incontrare Golda Meir e Indira Gandhi, tracciando il ritratto non solo di due eccezionali personalit√† politiche, ma anche di due profili femminili unici. Oriana Fallaci osserva e descrive un Novecento che vede mutare notevolmente il ruolo e la condizione della donna, in particolare nel mondo occidentale. Lei stessa, d'altra parte, ha incarnato nella sua vita gli ideali di un femminismo concreto: nella libert√† profonda di poter essere ci√≤ che voleva ha creduto fino alla fine dei suoi giorni. Questo audiolibro raccoglie una selezione di pagine dedicate dalla giornalista fiorentina all'universo femminile: interviste, inchieste, ritratti finora mai raccolti in volume. Pagine da cui traspare il suo giudizio tagliente e la sua particolare visione delle donne: creature che dovrebbero essere sempre e necessariamente libere. ",Politica e scienze sociali,Politica e governo,"Donne, Politica e governo",https://www.audible.it/pd/Se-nascerai-donna-Audiolibri/8831890166?qid=1720921082&sr=1-224&ref_pageloadid=1LZhq1qkhTomXDTD&ref=a_search_c3_lProduct_12_4&pf_rd_p=67f8f22b-aed1-45a6-a456-d09beff03315&pf_rd_r=129G6SEW8TFXNSRS7TGW&pageLoadId=HJpQxHiE6ggvF7tv&creativeId=b2592cc9-1111-40d9-9474-98f67c8075cc,False,Mondadori Libri S.p.A.,Incredibile. Da ascoltare. Per tutte le donne. Fallaci con la sua intelligenza conquista anche chi non condivide appieno Fallaci,"Un libro che insegna a vivere e a vedere la vita secondo la parte migliore del mondo: le donne. Opera di formazione per ragazze di oggi, poco attente ai valori e pi√π rapite dall'effimero.","Oriana, la mitica essenziale puntuale precisa e mai scontata Oriana. Con queste sue interviste rende omaggio e soprattutto descrive passi di storia ed eventi che per et√† .... Non ho potuto conoscere, grazie.E grazie anche alla voce di Maria Rosaria Omaggio che ricorda molto quella della scrittrice e bene sa interpretarla....",la vita di alcune donne straordinarie e la capacit√† di Oriana Fallaci di tenergli testa...sempre,"Qui si legge di donne che fanno le femmine, donne che fanno le donne e donne che sono esseri umani. Si offre un paio di prospettive esotiche, ed altre che stanno semplicemente in alto rispetto al nostro concetto di persona e figurarsi di donna. Con quello spirito sincero, onesto, triste della Fallaci, che viene portata splendidamente dalla lettrice.","salve. tutto bello. le interviste, i personaggi, bello. mi √® piaciuta la voce della lettrice","Contenuto a volte noioso, troppo pochi i riferimenti ai periodi storici, spesso ci si perde nel cercare di capire il periodo a cui la narratrice si riferisce. Nel complesso buono spunto di riflessione","Ho sempre ammirato Oriana Fallaci, una grande donna.Maria Rosaria Omaggio impeccabile e un valore aggiunto.Mi sono molto appassionato nell'ascoltarla, ha una modulazione di voce che sembra di stare a teatro.","lo mettero' nella dote che sto preparando a mia figlia per quando sara' grande insieme ad altri testi album,ricette di famiglia ecc...","‚ÄúSe nascerai donna‚Äù √® un libro molto interessante letto magistralmente da Maria Rosaria Omaggio che interpreta le parole della Fallaci nella consapevolezza di ci√≤ che significano, concedendo ad esse quello spessore con cui sono state pensate e scritte dall‚Äôautrice. Connubio perfetto!",2
Mafia mondiale,Le grandi organizzazioni criminali all‚Äôepoca della globalizzazione, ,Aldo Giannuli,Tommaso Banfi,784,4.8,16.0,"Il primo atlante mondiale della grande criminalit√†. Le mafie sono cambiate immensamente negli ultimi decenni. Fanno meno morti, forse, ma sono molto pi√π potenti, ramificate, ricche. Si sono internazionalizzate, spesso hanno lasciato gli affari ¬´piccoli¬ª (prostituzione, gioco d‚Äôazzardo ecc.) a organizzazioni minori per concentrarsi su pi√π redditizi business (dal traffico d‚Äôarmi a quello di organi ed esseri umani all‚Äôemigrazione al traffico delle scorie radioattive ecc.). Ma, soprattutto, hanno stabilito taciti patti di spartizione degli affari che hanno dato vita a un sistema mondiale, con le sue regole e i suoi riconosciuti rapporti di forza. Non solo: con alcune organizzazioni statali e di intelligence vige una vera e propria collaborazione. √à dunque arrivato il momento di presentare una ¬´geopolitica della Mafia¬ª: questo libro lo fa per la prima volta in maniera chiara, accessibile a tutti e completa, a partire da Cosa Nostra ‚Äì un esempio per molte organizzazioni internazionali ‚Äì fino alle altre mafie italiane ed europee, e a quelle asiatiche, africane, nord e sudamericane. Un‚Äôopera imprescindibile per chi voglia comprendere lo stretto intreccio fra crimine, economia e politica che caratterizza il mondo globalizzato. ",Politica e scienze sociali,Scienze sociali,"Crimine organizzato, Scienze sociali",https://www.audible.it/pd/Mafia-mondiale-Audiolibri/B0BY3C1MGR?qid=1720922144&sr=1-366&ref_pageloadid=mP9MH85KyRUPS88s&ref=a_search_c3_lProduct_19_6&pf_rd_p=67f8f22b-aed1-45a6-a456-d09beff03315&pf_rd_r=TXHM4141826HYXXX8F9G&pageLoadId=qzWNy2I0iRotC7Nh&creativeId=b2592cc9-1111-40d9-9474-98f67c8075cc,False,Audible Studios,"Informazioni mai banali e nemmeno i commenti che ne fa, l'autore √® (come noto) estremamente documentato e l'ascolto √® molto scorrevole e leggero nonostante l'argomento.",Un‚Äôanalisi ben riflettuta ed esposta in modo chiaro.Mi auguro che trovino sempre maggiori consensi i suggerimenti che il testo offre per affrontare e risolvere le cause dei fenomeni criminali della mafia e della pirateria.,Per coloro che vogliono farsi un‚Äôidea dei fenomeni mafiosi mondiali √® un ottimo punto di partenza!,Analisi approfondita e chiara nell‚Äôesposizione. Molto intrigante ma anche da far paura per le generazioni future.,"Ottimo, ben articolato e dettagliato.Lettura scorrevole e mai stancanteComplimenti all‚Äôautore ed al lettore","UN LIBRO MOLTO VIRTUOSO ED ATTENTO A NOTEVOLI FATTI SU TANTI ASPETTI E DIVERSI PUNTI DI VISTA, QUESTO DIMOSTRA CHE UNO STESSO FATTO PUO' ASSUMERE UN SIGNIFICATO DIVERSO A SECONDA DI COME LO SI VEDE E A SECONDA DEI CONTESTI STORICI.. L'AUTORE HA USATO ESPRESSIONI MOLTO CHIARE, LINEARI, E PER ALCUNI FATTI MOLTO ESAURIENTI E COMPLETI. HA ANALIZZATO FATTI DAL PUNTO DI VISTA GEOGRAFICO E STORICO IL CHE RENDE QUESTO LIBRO UNA VERA ESCLUSIVA PER I LETTORI CHE VOGLIANO PRENDERE CONSAPEVOLEZZA SU UN FENOMENO CHE RIGUARDA TUTTI E SU TUTTI I SUOI EFFETTI. PERSONALMENTE CREDO CHE QUESTO LIBRO SIA, COME DICE LO STESSO AUTORE NON UNA FOTOGRAFIA SULLA MAFIA FERMA ED IMMUTABILE COME FENOMENO CRIMINALE E VIOLENTO, MA PIUTTOSTO UNO SPUNTO ED UN ORIENTAMENTO SULLO SFONDO DELLA STORIA MA COMUNQUE UN MONITO PER SCINDERE CIO' CHE E' STATO SCRITTO NELLA STORIA DALLA STESSA AZIONE DEI FATTI UMANI, ED ANCHE UN MONITO PER CERCARE DI NON RIPETERE GLI ERRORI DEL PASSATO, NON CANCELLANDO IL PASSATO, MA SCINDENDO I CONTESTI STORICI PER CERCARE DI OTTENERE UN FUTURO PIU SEMPLIFICATO E BENEFICAMENTE FAVOREVOLE PER LO SVILUPPO SOCIALE, CULTURALE, POLITICO ED ECONOMICO DELLA SOCIETA DEI VALORI ' CHE PER INDOLE VUOLE SEMPRE PROGREDIRE. E' QUINDI PER MOLTI VERSI UNA PROMISCUA LEZIONE DI ECONOMIA E DI STORIA ECONOMICA, PERCHE E' TUTTO GIA' ACCADUTO,, CHE PER COME SIAMO ABITUATI A STUDIARLA L'ECONOMIA, QUI SI MESCOLA CON LE AZIONI E CON I FATTI ACCADUTI E NE INFLUENZA GLI EFFETTI, MA OCCORRE STABILIRE CHE OGNI ESSERE UMANO PORTATO AD AGIRE HA UNA SUA INTERPRETAZIONE NON SOLO DEI BISOGNI DA SODDISFARE MA DELLA STESSA ECONOMIA DEL VALORE DI CIO' CHE HA E DI CIO' CHE POTREBBE OTTENERE, SIA DAL PUNTO DI VISTA MICROECONOMICO CHE MACROECONOMICO. PER FINIRE UNA PICCOLA CRITICA SUL FATTO CHE D'ACCORDO CHE IL TEMA AFFRONTATO SIA UN FATTO UMANO E COME TALE GIUSTO ANCHE IL FATTO CHE LO SI VEDA DAL PUNTO DI VISTA GEOGRAFICO E STORICO, MA RIMANE UN'ALTRO PUNTO SU QUALE SI DOVREBBE RAGIONARE: 1) LA DEMOGRAFIA, LO SVILUPPO DEMOGRAFICO. 2) LE MIGRAZIONI GENETICHE. E QUESTI SONO SOLO DUE ALTRI PUNTI NON DI POCO CONTO. ESEMPIO 30 O 50 ANNI FA ERA QUASI IMPENSABILE CHE INTERE COMUNITA' DI STRANIERI ARABI CINESI, AFRICANI UKRAINI ECC VENISSERO A POPOLARE IN MASSA I NOSTRI QURTIERI NEI PICCOLI CENTRI, AL MASSIMO C'ERANO CASI SPORADICI DI MENO DI QUALCHE DECINA DI SOGGETTI. CHIARAMENTE LO STESSO SVILUPPO DEMOGRAFICO NON E' UGUALE IN TUTTI I CONTINENTI E QUINDI OCCORRE TENERNE CONTO. ANCHE SE OGGI I MEDIA INFLUENZANO MOLTO OGNUNO DI NOI PUO DOPO AVERE LETTO QUESTO LIBRO FARE LE DOVUTE RIFLESSIONI E COMINCIARE A PORSI LE DEBITE DOMANDE. LIBRO DA LEGGERE ASSOLUTAMENTE IN PIU FASI DATO L'ARGOMENTO TRATTATO E CON UN CERTO DISTACCO LOGICO SUPER PARTES SE SE NE VUOLE COMPRENDERE SENSO E PORTATA SOCIALE DEL FENOMENO, MA NON DIMENTICHIAMO CHE SI TRATTA SEMPRE DI FATTI UMANI E COME TALE CONSIDERARE LA PORTATA CHE IN CERTI MOMENTI STORICI PER ALCUNE AZIONI NON CI SI POTEVA SOFFERMARE SE ANDAVANO COMPIUTE O MENO, SEMMAI CONSIDERARE IL FATTO CHE NON SAREBBERO MAI DOVUTE ESSERE INIZIATE OPPURE CONSIDERARE IL FATTO CHE SE FOSSERO ANDATE AL CONTRARIO GLI EFFETTI ALCUNE INIZIATIVE ED AZIONI NON SAREBBERO STATE LE STESSE, MA QUESTA E' UN'ALTRO PUNTO DI VISTA O MEGLIO UN'ALTRA STORIA CHE DOVREMMO CHIAMARE CONTROFATTUALE O UCRONIA E DOVREMMO SCRIVERE UN NUOVO LIBRO. RINGRAZIO INFINITAMENTE L'AUTORE ALDO GIANNULLI E TOMMASO BANFI PER LA COMPLETEZZA D'INSIEME E PER LA PARSIMONIOSA NARRAZIONE.",,,,,2
Cucina spagnola, , ,Andrea Cerutti Berard,Francesca Di Modugno,77,4.5,2.0,"Le Audioricette sono un nuovo modo per scoprire e approfondire la preparazione, le caratteristiche e la storia dei tuoi piatti preferiti.  Ogni audiobook contiene la spiegazione passo passo di cinque semplici e gustose ricette per stuzzicare la tua fantasia in cucina, e una ricca e approfondita sezione sulla storia e le caratteristiche dei piatti.  La colorata e profumata cucina spagnola, in alcune sue varianti simile alla nostra, non ha una storia molto lunga nel nostro Paese, ma recentemente, anche grazie alla maggiore reperibilit√† di prodotti ""esotici"", si sta diffondendo anche e soprattutto fra i giovani, che hanno pi√π coraggio di sperimentare gusti e sapori che i nostri nonni forse non apprezzerebbero.  Gli anni avanzano, il mondo cambia e con il mondo anche le persone e i loro palati. √à probabile che chi conosce la cucina spagnola sia andato in vacanza a Barcellona o a Madrid, o abbia percorso il cammino di Santiago o si sia fatto un giro nei Paesi Baschi. I ristoranti spagnoli dedicati non sono molto frequenti, √® pi√π semplice trovare un ristorante argentino o sudamericano. Ma c'√® sempre tempo per scoprire e imparare...  In questo breve viaggio esploreremo tutti gli angoli della grande Spagna alla ricerca di gusti e sapori particolari, ricette e tradizioni dalle origini sconosciute e simpatiche idee per una cena etnica con gli amici. Ti proponiamo inoltre cinque semplici e gustose ricette da preparare con ingredienti di facile reperibilit√†, per stupire i tuoi amici con un autentico men√π spagnolo. ",Casa e giardino,Enogastronomia,Cucina,https://www.audible.it/pd/Cucina-spagnola-Audiolibri/B072DWQ5S9?qid=1720923504&sr=1-60&ref_pageloadid=ox625DBoMUo57LDm&ref=a_search_c3_lProduct_3_20&pf_rd_p=67f8f22b-aed1-45a6-a456-d09beff03315&pf_rd_r=TX008BM18R9G44QANQPR&pageLoadId=pouiUocxJexfqCfT&creativeId=b2592cc9-1111-40d9-9474-98f67c8075cc,False,Area 51 Short,,,,,,,,,,,0
A dangerous game (Italian edition),Kiss me like you love me 2,"Kiss me like you love me, Titolo 2",Kira Shell,Carlotta Oggioni,1343,4.1,117.0,"Dopo essere sopravvissuta a stento all'attacco di Player 2511, Selene decide di tornare a Detroit con la madre per riprendere le redini della propria vita e tentare di dimenticare Neil, i suoi occhi dorati e il suo atteggiamento contraddittorio. Nonostante ormai si sia resa conto di provare sentimenti profondi per lui, la ragazza ha infatti compreso che Neil non √® in grado di lasciarsi amare da nessuno, tanto meno da lei, e che la sua psiche √® segnata da cicatrici indelebili che non gli permettono di vivere una vita normale. Tuttavia, quando lo rincontra dopo qualche tempo, Selene si accorge di non poter fare a meno di Neil e di voler provare a stargli accanto lo stesso, nonostante le difficolt√†. Il ragazzo si trova cos√¨ a dover lottare contro se stesso e i suoi mostri nel tentativo di ricambiare Selene, seppure a modo suo. Come se ci√≤ non bastasse, Neil √® costretto a stare all'erta, perch√© Player 2511 √® ancora in agguato e determinato ad avere la sua vendetta. Nessuno √® al sicuro e la paura √® tanta, perch√© la posta in gioco √® la vita stessa... Il secondo volume della serie di Selene e Neil. Questo titolo contiene materiale non adatto ai minori di 18 anni. Audible consiglia l'ascolto ad un pubblico adulto. ",Romanzo d'amore,Contemporaneo,"Contemporaneo, Romantica",https://www.audible.it/ac/A-dangerous-game-Italian-edition-Audiolibri/B0B8JMVNBZ?qid=1720940032&sr=1-52&ref_pageloadid=waaebNDdx3xuMc7L&ref=a_search_c3_lProduct_3_12&pf_rd_p=67f8f22b-aed1-45a6-a456-d09beff03315&pf_rd_r=849PVFDZ1AXE69V7KR41&pageLoadId=OSYZspF46MS3aApA&creativeId=b2592cc9-1111-40d9-9474-98f67c8075cc,False,Mondadori Libri S.p.A.,"Ho apprezzato questo secondo romanzo anche pi√π del primo per il grande spazio fatto alla storia d'amore e per la profondit√† e il fascino del personaggio di Neal. Rimarco per√≤ come nell'altro caso che l'autrice √® eccessivamente enfatica e ripetitiva nelle descrizioni, al punto da risultare a volte fastidiosa. Avvincente comunque, non vedo l'ora di leggere il seguito, ormai mi fa compagnia.","Mi piace tantissimo la storia , sia per i dettagli piccanti che per la trasformazione in un semi gialli con il personaggio Player2511 , attendo con ansia di scoprire chi √®, e vedere come la storia tra Neil e Selene continua. Lo letto in 2 giorni ‚ò∫Ô∏è, super consigliato a chi piace quanto genere","una noia molto lunga, soliti temi, riproposti di continuo, peraltro gli stessi del primo.volume, ti lascio x il tuo bene ma ti voglio, quindi ti riprendo e ancora e ancora..lunghissime descrizioni della magneficienza di Neal che per carit√† tutte quante ci auguriamo di incontrare ..ma anche meno.nn sopporto la voce di Neal sembra un ghigno di un vecchio rachitico invece che di un magnifico adone di 25 anni.per gli altri personaggi invece voce bravissima3 stelle.solo xche il seguito del.primo e necessario nella storia generale, poteva essere pi√π corto e forse sarebbe stato pi√π gradevole","Perch√© nelle serie, ne inserite solo una parte? manca i libri 3, 4 e 5",davvero io non lo so amato e ogni secondo mi sento di morire dal piangere o dal ridere,"questo secondo libro √® un po' ripetitivo. Selene sembra decidere una cosa e fare l'opposto. nella sua mente nascono sempre le stesse domande, gli stessi dubbi l, le sue insicurezze. ha capito che lui ha subito un trauma e quando finalmente sembra pronta ad accettare tutto di lui cos√¨ com'√® si fissa sulle solite questioni (quante donna, solo con me ecc). questo aspetto non mi √® piaciuto. La lettura piacevole ma la voce maschile √® inquietante. Spero nel terzo volume so evolvano le cose.","Bello, coinvolgente, ma a tratti troppo... Lungo. Alcune descrizioni troppo piene di sfumature non necessarie risultando noioso","C‚Äô√® un criminale che attenta alle loro vite, ma non se ne preoccupano e se ne dimenticano per tutto il libro. Lui la tratta di m. tra un amplesso e l‚Äôaltro (con lei e mille altre) e finisce per offenderla tutte le volte (per allontanarla, perch√© ‚Äúlui non la merita‚Äù), ma lei, invece di mandarlo finalmente al diavolo, dimentica tutto non appena se lo ritrova davanti in tutta la sua ‚Äúpossenza‚Äù.Grandi cervelli in preda all‚Äôamnesia‚Ä¶Un manifesto di come le donne non dovrebbero essere.",leggendo il primo mi sono accorta che era molto ripetitivo e lungo ma ormai aveva iniziato volevo finire cos√¨ ho cominciato ad ascoltare questo cio√® il secondo libro ma mi sono accorta alla fine che ancora ancora non era finito cio√® sono rimasta senza parole dopo un pagine e pagine inutili il libro non √® finito !!!,"Scontato, banale, ripetitivo, noioso. Sempre questa sigaretta in primo piano fa pensare che sia sponsorizzato dall'industria del tabacco. Dopo essermi trascinata fino al terzo book, ho sospeso l'ascolto, esausta.",10
Lo spettatore,Breve racconto erotico, ,Lea Lind,Virginia Alba,26,4.4,7.0,"""Una giovane artista √® attratta da un uomo che la osserva insistentemente durante un corso di disegno di figura. Il suo sguardo le risveglia un lato erotico che non sapeva di possedere, inducendola a prestarsi come modella per ritratti di nudo, perch√© gli uomini a cui piace guardare possano vederla ancora meglio. Forse questo potr√† portare il suo desiderio a varcare nuovi confini."" Questo racconto breve √® pubblicato in collaborazione con la produttrice cinematografica svedese Erika Lust. Il suo scopo √® quello di raffigurare la natura umana e la diversit√† attraverso storie di passione, intimit√†, lussuria e amore, in una fusione di trame avvincenti ed erotismo. Lea Lind √® un'autrice di racconti erotici. Oltre a Lo spettatore ha anche pubblicato i racconti brevi Flirt sulla neve, Taxi Tinder, The Invite e Flesh. Questo titolo contiene materiale non adatto ai minori di 18 anni. Audible consiglia l'ascolto ad un pubblico adulto. ",Erotismo,Letteratura e narrativa,"Letteratura e narrativa, Romantica",https://www.audible.it/ac/Lo-spettatore-Audiolibri/8726303140?qid=1720940160&sr=1-72&ref_pageloadid=OSYZspF46MS3aApA&ref=a_search_c3_lProduct_4_12&pf_rd_p=67f8f22b-aed1-45a6-a456-d09beff03315&pf_rd_r=0VJ6VQPDZT6NE3VWA3Z7&pageLoadId=VdIaDo6O8tkyQIK1&creativeId=b2592cc9-1111-40d9-9474-98f67c8075cc,False,LUST,,,,,,,,,,,0
Uomini in divisa,2 brevi racconti erotici, ,Andrea Hansen,Viviana Lombardo,112,4.0,4.0,"√à passato parecchio tempo dal divorzio e non le sembra poi cos√¨ strano provare una fortissima attrazione per uno studente. Non quando sa che in ogni caso non potr√† mai portare a niente. Del resto non potr√† succedere granch√©, limitandosi a vederlo quando √® in compagnia di altri studenti e rimanendo nella posizione distaccata che le d√† il suo ruolo di docente universitaria. Ma una sera, quando lo incontra al cinema dove lui fa la maschera, i confini tra di loro iniziano a dissolversi, fino a diventare praticamente impercettibili... Questo libro contiene i seguenti racconti brevi: La maschera del cinema Il controllore dei parcheggi Andrea Hansen √® lo pseudonimo di un'autrice danese di brevi racconti erotici. Questo titolo contiene materiale non adatto ai minori di 18 anni. Audible consiglia l'ascolto ad un pubblico adulto. ",Erotismo,Letteratura e narrativa,Letteratura e narrativa,https://www.audible.it/ac/Uomini-in-divisa-Audiolibri/B09QPX7YLY?qid=1720940785&sr=1-155&ref_pageloadid=fOCNPOyILeGTIFcg&ref=a_search_c3_lProduct_8_15&pf_rd_p=67f8f22b-aed1-45a6-a456-d09beff03315&pf_rd_r=SJ86B7VJPD22JWCBKZQD&pageLoadId=Ai5Q3DbnnXvnELFv&creativeId=b2592cc9-1111-40d9-9474-98f67c8075cc,False,LUST,,,,,,,,,,,0
Consegna rapida: racconto erotico, , ,"M. J. Passion, Federica Altavilla - traduttore",Federica Minia - traduttore,28,3.3,3.0,"""Con passo sicuro ritorno in salotto e mi metto davanti a lui in tutto il mio splendore. L'espressione sul suo viso dice tutto. √à mostruosamente sorpreso ed eccitato. Si ticchetta l'inguine con la mano e io registro ogni suo gesto. - Martina, l'hai fatto apposta? - si alza dal divano e viene verso di me. - E se dico di s√¨, cambier√† qualcosa? - mi sto leccando i baffi. Martina √® una fan dello shopping online. Un giorno, un bell'uomo si presenta a casa sua al posto del corriere che gi√† conosce, dandole consigli sui vestiti. Riuscir√† a sedurlo? M.J. Passion √® lo pseudonimo di una scrittrice polacca di racconti erotici che ama affrontare argomenti tab√π presenti nelle situazioni quotidiane. Questo titolo contiene materiale non adatto ai minori di 18 anni. Audible consiglia l'ascolto ad un pubblico adulto. ",Romanzo d'amore,Contemporaneo,"Contemporaneo, Letteratura e narrativa",https://www.audible.it/ac/Consegna-rapida-racconto-erotico-Audiolibri/B0BQWWWYFP?qid=1720941577&sr=1-244&ref_pageloadid=563cplcdGQCptSNP&ref=a_search_c3_lProduct_13_4&pf_rd_p=67f8f22b-aed1-45a6-a456-d09beff03315&pf_rd_r=478VVSXKN8DJ9BN76H1X&pageLoadId=2MYdlRxHgknH14LX&creativeId=b2592cc9-1111-40d9-9474-98f67c8075cc,False,LUST,,,,,,,,,,,10
La spada del destino,The Witcher 2,"The Witcher, Titolo 2",Andrzej Sapkowski,Riccardo Mei,836,4.7,1671.0,"Geralt di Rivia √® uno strigo, un assassino di mostri. Ed √® il migliore: solo lui pu√≤ sopraffare un basilisco, sopravvivere a un incontro con una sirena, sgominare un'orda di goblin o portare un messaggio alla regina delle driadi, fiere guerriere dei boschi che uccidono chiunque si avventuri nel loro territorio... Geralt per√≤ non √® un mercenario senza scrupoli, disposto a compiere qualsiasi atrocit√† dietro adeguato compenso: al pari dei cavalieri, ha un codice da rispettare. Ecco perch√© re Niedamir √® sorpreso di vederlo tra i cacciatori da lui radunati per eliminare un drago grigio, un essere intoccabile per gli strighi. E, in effetti, Geralt √® l√¨ per un motivo ben diverso: ha infatti scoperto che il re ha convocato pure la maga Yennefer, l'unica donna che lui abbia mai amato. Lo strigo sar√† dunque obbligato a fare una dolorosa scelta: difendere il drago e perdere Yennefer per sempre, o infrangere il codice degli strighi pur di riconquistare il suo cuore. ",Fantascienza e fantasy,Fantasy,Fantasy,https://www.audible.it/pd/La-spada-del-destino-Audiolibri/B087JSTHT1?qid=1720942858&sr=1-41&ref_pageloadid=qoK0ZSQNJJvciFR6&ref=a_search_c3_lProduct_3_1&pf_rd_p=67f8f22b-aed1-45a6-a456-d09beff03315&pf_rd_r=YXW27MBZDP3R9PYSFDT8&pageLoadId=bL5GjZq7izgFUsax&creativeId=b2592cc9-1111-40d9-9474-98f67c8075cc,False,Salani,"Devo ammettere che la lettura, l'intonazione dei personaggi e le loro emozioni sono gestite davvero bene. Anche le interpretazioni femminili sono migliorate.Il contenuto del libro √® molto pi√π scorrevole rispetto a prima.",non vedo l'ora che escano tutti gli altri....adoro la saga.....presto presto fateli uscire subito.....ho gi√† voglia di ascoltare il prossimo,Uno dei capitoli migliore di the witcher un po noioso a met√† lo ammetto per√≤ alla fine spesa il cuore,Molto carino davvero! A volte un po‚Äô confuso per i balzi temporali ma poi si rimette facilmente tutto in ordine cronologico.Ci si affeziona molto ai personaggi.Consigliato agli amanti del fantasy!,"Trama interessante, un po' singhiozzante nello stile della narrazione.Non mi ha fatto impazzire la lettura che per i miei personali gusti √® troppo apatica.","Sono ammaliato in ogni sua forma dal mondo dello Strigo pi√π affascinante del mondo, amo la qualit√† nonch√® l'amore posto nei libri di Andrzej, e amo la qualit√† di questi Racconti su Audible.Straconsiglio l'ascolto, sono quasi 13 ore di pura Magia. Dimentichi dopo i primi 5 minuti dove ti trovi e cosa stai facendo, ci√≤ che inizi a processare √® la costruzione nella tua mente di tutto ci√≤ che stai ascoltando. Ora voglio comprare i Libri di The Witcher, √® il minimo.","Io non amo il genere fantasy e seho scoperto questa saga √® solo grazie alla voce di Riccardo Mei. Senza la sua bellissima narrazione non avrei mai preso in mano le avventure di Geralt.Sono stata trascinata dalla voce narrante,dalle descrizioni, dai diversi cambi di tono. Una voce chiara, coivolgente. Amo la sua fluidit√†.Mi ha rapita, come aveva gi√† fatto in passato. Come fa sempre, tutte le volte che legge.Bravissimo lo scrittore che ha saputo creare un personaggio particolare, diverso dai soliti e noti eroi senza macchia e senza paura.L'aspetto che pi√π mi ha appassionata del libro sono stati i personaggi, le loro sfumature e le loro ambiguit√†. Lo stile di Sapkowski √® riuscito a svilupparli in manieraemozionante e a fondele in modo eccellente. Riccardo poi ha trasformato lo scritto in magiaGrazie a entrambiAlessandra ‚ù§Ô∏è","Una lettura molto gradevole, anche se a tratti di difficile interpretazione visto l'ordine sconnesso degli eventi","Sapkowski racconta storie. e lo fa molto bene. piacevole e coinvolgente, bel finale. Verrebbe da paragonarlo alle Cronache del Ghiaccio e del Fuoco, ma sono due cose diverse. lettura ottima.",Molto bello. E una volta di pi√π mi ritrovo a pensare che i libri siano meglio delle varie trasposizioni cinematografiche. Lettore fantastico: una volta di pi√π vale dirlo,4
Destino Di Draghi,L'Anello Dello Stregone 3,"L'Anello dello Stregone, Titolo 3",Morgan Rice,Edoardo Camponeschi,425,4.4,200.0,"DESTINO DI DRAGHI (LIBRO #3 in L'ANELLO DELLO STREGONE) ci porta pi√π a fondo lungo il viaggio epico che Thor compie per diventare un guerriero, attraverso il Mare di Fuoco fino all'Isola della Nebbia nella terra dei draghi. Un luogo impietoso, abitato dai migliori guerrieri del mondo, in cui Thor si allena affinando sempre di pi√π i suoi poteri e le sue abilit√†. Anche le sue amicizie si fanno pi√π salde: lui e i compagni affrontano insieme avversit√† lontane da ogni immaginazione. Ma mentre si trovano a dover affrontare mostri inimmaginabili, il Cento passa rapidamente da mero allenamento a una situazione di vita o di morte. E non tutti sopravviveranno. Lungo la via i sogni di Thor, insieme ai suoi misteriosi incontri con Argon, continuano ad assillarlo, spingendolo a tentare di capire di pi√π sulla sua identit√†, su chi sia sua madre e su quali siano le fonti dei suoi poteri. Quale sar√† il suo destino? Una volta tornato all'Anello, le cose peggioreranno ulteriormente. Kendrick viene imprigionato, Gwendolyn si trova a dover sostenere la responsabilit√† di salvarlo, di salvare l'Anello eliminando suo fratelllo Gareth. Cerca, insieme al fratello Godfrey, degli indizi che li conducano all'assassino di suo padre e, durante la ricerca, i due si avvicinano sempre di pi√π, uniti per la stessa causa. Ma Gwendolyn, spingendosi troppo oltre, viene a ritrovarsi in pericolo di morte e si trover√† con l'acqua alla gola. Gareth tenta di sollevare la Spada della Dinastia e impara cosa significhi diventare Re inebriandosi di abuso di potere. Governa spietatamente e diventa infine paranoico. Mentre il cappio si stringe sempre pi√π attorno all'assassino del Re, i McCloud attaccano a fondo l'Anello, e la Corte del Re si ritrova in una posizione sempre pi√π precaria. Gwen attende con trepidazione il ritorno di Thor, desidera ardentemente di stare insieme a lui perch√© il loro amore possa fiorire. Ma con forze di potere cos√¨ disposte √® in dubbio che ci√≤ possa mai accadere. Thor sopravviver√† al Cento? La Corte del Re collasser√†? Verr√† trovato l'assassino di MacGil? Gwendolyn torner√† a riunirsi a Thor? E Thor capir√† finalmente il segreto del suo destino? Con la sua sofisticata struttura e la sua caratterizzazione, il DESTINO DI DRAGHI √® un racconto epico che narra di amici e amanti, rivali e saguaci, cavalieri e draghi, intrighi e macchinazioni politiche, maturazione, cuori spezzati, inganno, ambizione e tradimento. √à un racconto di onore e coraggio, fato e destino, e stregoneria. √à un fantasy che ci porter√† in un mondo che non dimenticheremo mai e che affasciner√† persone di ogni genere ed et√†. √à composto di circa 70.000 parole. Sono disponibili anche i libri 4-10 della stessa serie! ",Fantascienza e fantasy,Fantasy,Epica,https://www.audible.it/pd/Destino-Di-Draghi-Audiolibri/1094300462?qid=1720944030&sr=1-248&ref_pageloadid=kIgUF8w53SKhM8AN&ref=a_search_c3_lProduct_13_8&pf_rd_p=67f8f22b-aed1-45a6-a456-d09beff03315&pf_rd_r=C4SD7HJ59B81QH28ENQ2&pageLoadId=190qF6fI9TDeVPGT&creativeId=b2592cc9-1111-40d9-9474-98f67c8075cc,False,Lukeman Literary Management Ltd,"Forse mi sto abituando allo stile di scrittura ma devo dire che a parte certe eccezioni, la storia si sta facendo sempre pi√π interessante ed avvincente",La storia si arricchisce rispetto ai 2 libri precedenti ampliandosi ad altri personaggi oltre il protagonista ma permane un p√≤ banale e con varie incongruenze. Si vede comunque il segno di una maggiore maturazione della scrittrice. Ottimo il narratore,"Il narratore ha uno stile interpretativo improvvisato. La narrazione √® sonnolenta. √à un peccato, la serie di romanzi √® interessante e adatta a tutti",Dopo un libro secondo un po‚Äô avaro di azione finalmente un terzo libro ricco di episodi e come sempre magistralmente raccontato.,"Ho dato 3 possibilit√† a questa serie ma non riesco ad andare avanti, il racconto si fa sempre pi√π scadente (e non so se dipende dalla scrittura o dalla traduzione), lo svolgimento sempre pi√π piatto, le situazioni sempre pi√π improponibili e assurde.Il re patricida che manda il suo famosissimo e spietato amico tagliagole a uccidere/minacciare la sorella √® un chiarissimo segno di quanto sia colpevole e di quanto sia stupido (come non farsi sgamare proprio), e lei ovviamente riesce a sfuggirgli anche se √® nuda e disarmata. Quando si dice la credibilit√†.Il cavaliere pi√π famoso del reame che rifiuta ogni donna e poi casualmente si innamora a prima vista di una serva, proprio nel momento in cui sta dicendo che nessuna lo interessa ai compagni cavalieri, poi piomba nella taverna pretendendo che sia portata da lui e dicendole ""io ti voglio sposare e basta, quindi pago il tuo padrone cos√¨ tu sei libera e puoi diventare mia moglie"". La prima parte sfiora il ridicolo, la seconda la schiavit√π.Da amante dei felini, mi infastidisce anche il comportamento dell'animaletto di Thor, un leopardo (o ghepardo? non ricordo) selvatico che si comporta come un cane non si pu√≤ sentire, oltre ad essere assurdo.In questo terzo libro anche il narratore inizia a incespicare dividendo le frasi malamente, leggendo con un'intonazione sbagliata, confondendo la voce gutturale con i bisbigli.Basta, non riesco a tollerare pi√π di cos√¨.",personaggi di una stupidit√† unica che non comprendono l'ovvio. quando si descrivono i loro pensieri sembrano quelli di una banda di mentecatti. storia per bambini e neanche tanto svegli,mi √® piaciuto molto! soprattutto quando il narratore esclama:scosse la testa! a parte gli scherzi bello,"noioso e ripetitivo in tutto dai combattimenti alla narrativa prevedibile, e agghiacciante come sia stato pubblicato",,,4
I speak you speak with Clive Vol. 1, ,"I speak you speak with Clive, Titolo 1, I speak you speak with Clive, Titolo 1",Clive Griffiths,Clive Griffiths,40,4.6,316.0,"I Speak You Speak! ""Perch√© se io parlo italiano, anche voi potete parlare inglese!"". E' una promessa di Clive Griffiths, uno dei pi√π noti insegnati d'inglese d'Italia. Le sue lezioni, suddivise per temi, insegnano a parlare inglese immediatamente! ""I Speak You Speak"" non √® il solito corso ma un percorso che spazia tra le frasi utili, i modi di dire pi√π noti, le parole amiche pi√π usate in una conversazione, le pronunce. Il ritmo √® sostenuto, quasi musicale e le ripetizioni sono molte; non sfugge niente in queste lezioni assolutamente innovative e allo stesso tempo divertenti, frutto di una profonda conoscenza sulla didattica e sull'apprendimento dell'autore, che da lungo tempo collabora con le scuole dell'obbligo d'Italia.  In questo volume: A-An; After; Preposition pt1; Preposition pt2; Time; Airport; Journey - Trip; Big - Large - Great - Grand - Little - Small. ",Istruzione e apprendimento,Apprendimento della lingua,Inglese,https://www.audible.it/pd/I-speak-you-speak-with-Clive-Vol-1-Audiolibri/8862776594?qid=1720946186&sr=1-67&ref_pageloadid=CAXLV2y2ND6IL7Vc&ref=a_search_c3_lProduct_4_7&pf_rd_p=67f8f22b-aed1-45a6-a456-d09beff03315&pf_rd_r=DFS87WWKW2R657JGPZB5&pageLoadId=oU9Nr1gFZCqS82BC&creativeId=b2592cc9-1111-40d9-9474-98f67c8075cc,False,GoodMood,"bello e piacevole, di facile approccio, ben strutturato, affatto noioso, utile e da consigliare sicuramente","ottimo, molto chiaro, assolutamente non scontato anche per chi ha un livello medio, consigliato vivamente",il miglior corso d‚Äôinglese pubblicatosu audible simpatico ed efficace.Sicuramente da consigliare a chi ha un inglese scolastico da strutturare,"Mi √® piaciuto tanto,lo ascolter√≤ nuovamente per acquisire gli argomenti trattati lo speaker bravissimo...scorrevole ottimo","Sono un poco pi√π avanti nella conoscenza dell inglese, ma questo audio √® un simpatico ripasso. Ottimo il ritmo che aiuta la concentrazione",di facile comprensione utile per ascolto in auto o in altri luoghi . di buon aiuto,Sistema pratico e piacevole √© perfetto per ripassare inglese per chi ha poco tempo e vuole approfittarne anche in una pausa caff√® oppure anche tutto d'un fiato.,"veramente interessante, e ben strutturato, fa venire voglia di ascoltarlo pi√π di una volta, continuer√≤ con le altre puntate",utile per migliorare se gi√† si conosce almeno un po' la lingua non per principianti,Mi diverto e imparo! Lo consiglio a chi ha bisogno di migliorare l‚Äôinglese in maniera semplice ma efficace,9
Peggio per chi resta,La colf e l'ispettore 5,"La colf e l'ispettore, Titolo 5",Valeria Corciolani,Angela Ricciardi,535,4.7,224.0,"Dal mare alla montagna: un viaggio che comincia con una vacanza e si trasforma in un nuovo intrigante caso per Jules e Alma. Che cosa ci fanno Jules e Alma, con tanto di prole e suocera al seguito, su un pulmino a nove posti stracarico di bagagli? Strano a dirsi, stanno per concedersi una vacanza dove l‚Äôispettore Rosset √® nato e cresciuto: in Valle d‚ÄôAosta. Neanche il tempo di scendere dal pulmino, per√≤, e Jules si trova invischiato nel caso pi√π destabilizzante della sua carriera: Lia Favre, amica di infanzia e suo primo amore, √® scomparsa senza lasciare tracce. E il tuffo nel passato √® senza piet√†. ","Poliziesco, thriller e suspense",Poliziesco,"Donne detective, Piccoli centri e rurale",https://www.audible.it/pd/Peggio-per-chi-resta-Audiolibri/B0BTMQRVGT?qid=1720952857&sr=1-349&ref_pageloadid=38v3gBC1UwydHD28&ref=a_search_c3_lProduct_18_9&pf_rd_p=67f8f22b-aed1-45a6-a456-d09beff03315&pf_rd_r=N0SZRA138NJZZSFVN0GP&pageLoadId=x1cIwPbCuzD3arZR&creativeId=b2592cc9-1111-40d9-9474-98f67c8075cc,False,Audible Studios,"Personaggi talmente ben caratterizzati che ti sembra di conoscerli realmente. Consigliatissimo, la narratrice davvero superba, davvero brava!","adoro il modo di scrivere di Valeria Corciolani e i suoi personaggi, talmente tridimensionali che pare averli al proprio fianco. come gli altri lo consiglio.","Un giallo vecchio stile; un altro bellissimo libro della Corciolani.Una storia che √® anche balsamo per l‚Äôanima, personaggi che adesso sono amici. Mi auguro di trovare sempre pi√π spesso nuovi titoli di questa autrice incredibile e mi auguro anche che vengano sempre letti da Angela Ricciardi: superlativa per tono, ritmo e capacit√† di modulare le voci con rara maestria.","Anche questo libro non delude le aspettative: bell‚Äôintreccio di storia, descrizioni meravigliose di stato d‚Äôanimo e dei comportamenti con paragoni divertenti e azzeccatissmi, ottima la lettura.",Me ne manca solo uno ma questo ad oggi lo ritengo il migliore della serie,"Storia molto bella e avvincente, la mia preferita per ora! Bella la storia, personaggi e ambientazioni.Adoro le diverse voci della lettrice e il modo di interpretareLe diverse personalit√† dei protagonisti.Sono d‚Äôaccordo con alcune delle recensioni che sottolineano la presenza di troppe metafore e similitudini.Sono d‚Äôaccordo, a volte un po‚Äô stucchevoli, soprattutto quando riferite ai personaggi che compaiono in tutti i libri.Grazie Valeria per queste storie! ‚ú®","Trama interessante, mi ha colpito di pi√π rispetto alle altre recenti opere della stessa autrice; ottima lettura come sempre.","I libri di Valeria Corciolani, sia questa serie della colf e l'ispettore che quelli della storica dell'arte Edna Silvera, sono stati una vera rivelazione. Scritti con accuratezza e seriet√† nell""introspezione dell'animo umano, ci fanno fare amicizia con personaggi caratterizzati con cura, ironia e commozione. Le storie ci parlano di noi, con le nostre qualit√† e i nostri difetti e le nostre manie con leggerezza, sorrisi, a volte indulgenza, ma anche con lucidit√† e rimprovero. Figure indimenticabili che non vorrei mai abbandonare.Menzione speciale per la lettrice: da Oscar!","Assolutamente magnifico. Evocativo, ottimamente ambientato, costruito magistralmente, personaggi, tutti, vivi e coinvolgenti... Brava Valeria, daccene ancora",I libri precedenti di questa serie mi sono piaciuti tutti. Carini e godibili.Questo √® decisamente parecchie spanne sopra. Bello. Davvero bello.,1
I fratelli Karamazov 2, ,I fratelli Karamazov,F√´dor Dostoevskij,Oliviero Cappellini,594,4.7,214.0,"""Kara, in russo, significa 'castigo', 'punizione'; nelle lingue turco-tatare ha invece il significato di 'nero': un cuore oscuro, appesantito dalla colpa, che appartiene a tutti noi, costituisce il nucleo centrale dei 'Fratelli Karamazov', una delle opere fondamentali della letteratura moderna, un'opera a noi contemporanea nel senso pi√π stretto della parola, perch√© Dostoevskij vi ha saputo raggiungere le profondit√† pi√π intime della psiche umana, al di l√† degli impianti ideologici e degli intenti moraleggianti"". Dalla postfazione di Serena Prina ""I fratelli Karamazov"" si configura come la cronaca di una qualsiasi famiglia della provincia russa, contrassegnata dall'acerrimo contrasto tra la figura del padre, F√´dor, tirannico libertino, e i suoi quattro figli: Al√´≈°a, profondo conoscitore dell'animo umano, Dmitrij, un tenentino impulsivo, oscillante tra slanci di generosit√† e bassezze crudeli, Ivan, raffinato cultore dell'ateismo, e Smerdjakov, figlio epilettico e illegittimo e per questo condannato ai lavori pi√π servili in casa. Quattro diverse personalit√† che trovano come punto di convergenza l'odio comune verso il padre. Un grande capolavoro che finalmente rinasce in una nuova e prestigiosa traduzione. ",Letteratura e narrativa,Classici,Classici,https://www.audible.it/pd/I-fratelli-Karamazov-2-Audiolibri/B07KYVDCK1?qid=1720952857&sr=1-355&ref_pageloadid=38v3gBC1UwydHD28&ref=a_search_c3_lProduct_18_15&pf_rd_p=67f8f22b-aed1-45a6-a456-d09beff03315&pf_rd_r=N0SZRA138NJZZSFVN0GP&pageLoadId=x1cIwPbCuzD3arZR&creativeId=b2592cc9-1111-40d9-9474-98f67c8075cc,False,Classici Audible Studios,Grande romanzo classico di un grande della letteratura russa: non delude mai. Anche la lettura √® molto piacevole,"la traduzione presenta qualche impaccio per un uso forse eccessivo di termini arcaici. La lettura √® un po' lenta e, vista la lunghezza dell'opera, dilata troppo i tempi. Tutto questo mi ha portato a passare all'altra proposta dei Fratelli Karamazov presente su Audible.","Stile 9+, contenuto 10++. Media 10.Un romanzo, un libro di filosofia e un libro di religione nella stessa opera.","In alcune dissertazioni di questo fantastico romanzo, Dostoevskij mi fa sentire davvero una nullit√†, talmente misero nelle mie povere idee da sembrare inutile",questo secondo libro contiene il capitolo sul grande inquisitore ed il capitolo sul manoscritto sulle memorie dello Starec. entrambi sono dei capolavori e possono essere letti (o ascoltati) indipendentemente dal resto del romanzo.,"Un romanzo potente e impegnativo,questo, la cui interiorizzazione √® resa pi√π lieve dall'ascolto. Grazie grazie","rispetto alla prima parte La seconda √® pi√π complessa, sembra un saggio di teologia! aspetto comunque con ansia il terzoüòÅ","Che altro dire? Dopotutto √® un classico intramontabileIntrigante, profondo, illuminato! Letto in maniera magistrale sentita e partecipata!",Non √® un ascolto semplice essendo abituata a letture molto meno impegnative.Lo trovo talmente bello che sto cercando di recuperare anche le trasposizioni per cinema e TV.Un capolavoro che fa riflettere molto.Il narratore √® incredibile! cercher√≤ altre sue letture!,Quanto lo invidio e ammiro come scrittore... questo secondo libro √® pi√π religioso rispetto al libro ma non per questo meno appassionante,11
Bellissime,"Baby miss, giovani modelli e aspiranti lolite", ,Flavia Piccinni,Liliana Bottone,314,4.5,54.0,"Ci sono bambine che imparano presto a truccarsi, a sorridere, a essere simpatiche e maliziose. Sognano di fare le miss o le modelle. Hanno mamme disposte a guidare ore e ore nella notte per portarle a sfilare a Pitti Bimbo e padri capaci di organizzare tour de force per trovare il vestito adatto a un casting. Sono bambine di quattro, cinque, sei anni che popolano un mondo poco noto, spesso nascosto, che si declina attraverso riviste patinate, cataloghi e pubblicit√†. Un mondo sommerso che non pu√≤ superare il metro e trenta di altezza, e che √® destinato a farsi perpetuo laboratorio di stereotipi fra promesse di futuro e frustrazioni. Dai centri commerciali del napoletano alle periferie toscane, passando per la riviera romagnola e l'hinterland milanese, Flavia Piccinni ha seguito decine di selezioni, sfilate e concorsi di bellezza. Attraverso un viaggio memorabile nell'infanzia di oggi, Bellissime racconta di baby miss e di madri, di sogni che a volte si trasformano in incubi, di ambizioni e di speranze, svelando come nascono i modelli di comportamento e di gusto che tutti acquisiamo attraverso i media, e di cosa questi modelli possono produrre sulla nostra pelle e su quella dei pi√π piccoli. Firmando un ritratto toccante e realistico, Flavia Piccinni accende una luce nel mondo delle bambine di oggi che molto avranno a che fare con quello che sar√† l'Italia nei prossimi trenta, quaranta, cinquant'anni. ",Politica e scienze sociali,Scienze sociali,"Antropologia, Scienze sociali",https://www.audible.it/pd/Bellissime-Audiolibri/3748032870?qid=1720957213&sr=1-361&ref_pageloadid=9cVpTumQfwfZVy0A&ref=a_search_c3_lProduct_19_1&pf_rd_p=67f8f22b-aed1-45a6-a456-d09beff03315&pf_rd_r=AERTJSCA0E9T41MXX0R3&pageLoadId=tQzwMg3Ue5Cec2hH&creativeId=b2592cc9-1111-40d9-9474-98f67c8075cc,False,Audible Studios,Consigliato a tutti i genitori .. si sa che la maggior parte delle persone sfiora il pensiero che loro bimbo √® il pi√π bello del mondo ..e magari ci provano a farlo diventare un modello .. ascoltando questo libro alla maggior parte di sicuro passer√† la voglia ..,"La frase ‚ÄúIn grado di ricordarci come l‚Äôinfanzia non sia sempre esistita, ma si riveli una conquista ancora oggi non abbastanza condivisa fra le culture e i tempi‚Äù, spiega perfettamente lo scopo di questo bellissimo podcast: l‚Äôinfanzia √® un diritto in piena evoluzione. Genitori, educatori, politici, societ√† civile... Tutti possono e devono concorrere alla tutela di questo diritto che √® un‚Äôocchiata sul futuro e su ci√≤ che vogliamo essere.","Scritto bene, letto con grande intensit√†. Storia decisamente attuale e a mio avviso angosciante, ma raccontata con grande fluidit√†. Mi √® piaciuto moltissimo!",Genitori: ascoltate con attenzione questo bellissimo audiolibro. Proteggiamo i nostri bambini e la loro infanzia.,Analisi molto parziale ed accurata del tema; con una giusta impronta giornalistica la Piccinni mostra tutte le sfaccettature di un mondo che percepiamo come negativo e sul quale in molti come lei ci siamo posti dubbi e domande.La lettura e fluida e gradevole.,"fondamentalmente √® uno spaccato squallido della deriva amorale della nostra civilt√†. da un lato abbiamo queste femministe che vogliono la libert√† e dall altro le stesse si lamentano del punto in cui ci ha portato il troppo liberismo. senza contare che chi fa del proprio corpo uno strumento,non √® solo il patriarcato, ma sono proprio le stesse donne . abbiamo esempi chiari nel mondo della musica.",,,,,2
Il viaggio della vita, , ,Marco Ferrini,Marco Ferrini,163,4.8,66.0,"""Il viaggio della vita"" √® il titolo dell'audiolibro proposto dal Centro Studi Bhaktivedanta e tratto dalla conferenza ""Psicologia del ciclo della vita"". Marco Ferrini, esperto di cultura vedica e direttore del Centro, illustra come lo scopo della vita non dovrebbe essere il cercare invano di godere di ci√≤ che √® effimero. Se ci attacchiamo all'effimero ostinandoci a trattenere ci√≤ che inesorabilmente il tempo porta via, rimarremo con un senso di vuoto, di rammarico, di nullit√†. Persone superficiali nascono e muoiono senza porsi obiettivi evolutivi, ma se davvero vogliamo essere felici dobbiamo realizzare il senso della vita comportandoci secondo un sistema di valori universali. ",Religione e spiritualit√†,Spiritualit√†,Spiritualit√†,https://www.audible.it/pd/Il-viaggio-della-vita-Audiolibri/B07NBTMFTD?qid=1720965032&sr=1-15&ref_pageloadid=y4jf97hI5hYXC70n&ref=a_search_c3_lProduct_1_15&pf_rd_p=67f8f22b-aed1-45a6-a456-d09beff03315&pf_rd_r=PENCN9NRVJRP679TCNYK&pageLoadId=zAWllmnQtyLvZWi5&creativeId=b2592cc9-1111-40d9-9474-98f67c8075cc,False,Il Narratore s.r.l.,Offre spunti di riflessione molto pratici e molto interessanti.nn mi sono mai annoiato .,"da ascoltare, riascoltare e far ascoltare. Un aiuto profondo a chi ha avuto colpi rovesci nella vita o a chi √® in cerca di tante risposte dalla vita.",,,,,,,,,6
Il potere dei pensieri per guarire la tua vita,Affermazioni positive per nutrire la mente e sciogliere i blocchi emozionali, ,"Tiziana Giusto, Barbara Corradini","Tiziana Giusto, Barbara Corradini",43,4.4,196.0,"Tiziana Giusto e Barbara Corradini, sono insegnanti certificate del metodo ""Puoi Guarire La Tua Vita"" ideato da Louise Hay e ti danno il benvenuto all'audio corso ""Il potere dei pensieri per guarire la tua vita"". Il metodo ideato da Louise agisce sui quattro livelli fondamentali per il cambiamento, emotivo, fisico, mentale e spirituale, avviando un processo di auto guarigione dagli schemi disfunzionali che portano alla malattia, un metodo di trasformazione basato sull'imprescindibile connessione tra mente (pensieri, credenze, emozioni, parole) e corpo (sintomi, disagi, malattie) e sul perdono, per ritrovare il vero amore incondizionato per s√© stessi.   Alla base del lavoro di Louise Hay ci sono le affermazioni positive. Questo audiolibro √® composto di 5 tracce, per dare la possibilit√† a chi lo desidera di ascoltare un flusso di 100 affermazioni sui vari ambiti della vita, amore, famiglia, salute, lavoro, prosperit√†, soldi, amicizia, e nutrire la sua anima comodamente seduta a casa, in macchina o dovunque lo desideri, per ritrovare pi√π pace, serenit√† ed energia.   Le affermazioni saranno lette a due voci e saranno accompagnate dalle musiche del Maestro Daniele De Rosa:   ‚Ä¢ La prima traccia √® questa introduttiva, in cui ti parleranno delle affermazioni, di cosa sono, a cosa servono nello specifico e di come operano il cambiamento.   ‚Ä¢ La seconda traccia √® quella in cui troverai la spiegazione di cosa sono le affermazioni, di come usarle e perch√©.   ‚Ä¢ La terza traccia √® un esercizio di preparazione alle affermazioni che consiste nella tecniche dei 21 respiri.   ‚Ä¢ La quarta traccia contiene le 100 affermazioni che riguardano tutte le sfere della vita.   ‚Ä¢ La quinta traccia contiene un esercizio interattivo che svolgerai insieme alla linea guida per guarire la tua vita sui temi: Amore/Lavoro/Denaro/Realzioni/Spiritualit√†/Autostima/Salute. ",Salute e benessere,Medicina alternativa e complementare,"Autoipnosi, Emozioni, Meditazione",https://www.audible.it/pd/Il-potere-dei-pensieri-per-guarire-la-tua-vita-Audiolibri/B07CPQBS47?qid=1720973996&sr=1-243&ref_pageloadid=N0VRRV2Oz5p3ZMQr&ref=a_search_c3_lProduct_13_3&pf_rd_p=67f8f22b-aed1-45a6-a456-d09beff03315&pf_rd_r=CRVN4V548V4ZQV4AS839&pageLoadId=Om2qP0ButSXYAm8H&creativeId=b2592cc9-1111-40d9-9474-98f67c8075cc,False,Bore srl - Youcanprint.it,"in linea di massima molto scorrevole e piacevole da ascoltare...forse un po' di spazio in pi√π tra un affermazione e l""altra x poterle ripetere era meglio..",Le due voci che lo leggono sono rilassanti e penetranti. Ti entra dentro il cuore e la mente,"Bello e veloce, va dritto al punto e propone tante affermazioni positive. Splendida la lettura, voce e intonazione perfetta.","Da ascoltare 30 giorni. Cambia la vita. Veramente bello. Lettura perfetta, ottimo risultati. Da provare","L""autrice che mi ha aperto la strada..... quando ho incontrato il suo pensiero ho ritrovato la mia vita...... grazie.. grazie. grazie.","Fantastico! Chiaro, di facile ascolto....finito di ascoltarlo viene voglia di riavviarlo per il senso di pace e ispirazione che trasmette.",concretezza disarmante. molto educativo con frasi mantra da recitare e consigli pratici da eseguire ogni giorno,La narrazione √® piacevole ed il contenuto √® proprio quello che volevo ascoltare üôèüèªLo ascolter√≤ tantissime volte,"Illuminante, positivo, rilassante.Una bella idea, da ascoltarsi senza riserve per√≤ solo se credenti, poich√© vi sono continui riferimenti a Dio.",Molto positivo spero che riascoltandolo molte volte i concetti penetrino nel subconscio.Le narratrici hanno una bellissima voce.,7
Dove sono tutti quanti?, , ,Amedeo Balbi,Valerio Amoruso,327,4.7,428.0,"""Siamo soli nell'universo?"" √® una domanda che lascia un senso di vertigine a chiunque. Amedeo Balbi, nato all'alba degli anni '70, se la pone fin da quando era bambino. All'epoca erano tanti gli stimoli che potevano suscitare questo genere di curiosit√† in una mente giovane ed entusiasta: il ricordo recente della corsa allo spazio culminata con lo sbarco sulla Luna nel 1969, ma anche la serie Spazio 1999 del '76, Guerre stellari del '77, Goldrake del '78... Oggi, a distanza di quarant'anni, Balbi √® un astrofisico e, quando ammira il cielo stellato con stupore immutato, si pone sempre la medesima domanda. Che cosa potrebbe dire a quel ragazzino degli anni '70 per non deluderlo? Non c'√® ancora una risposta definitiva: s√¨ o no. Per√≤, la scienza ha fatto formidabili balzi in avanti e oggi abbiamo molti elementi nuovi per orientarci in quel luogo pieno di mistero e meraviglia che √® l'universo. Questo audiolibro √® un volo emozionante, con qualche deviazione tra filosofia e storia della scienza, alla scoperta di queste ultime acquisizioni: fra le altre cose, Balbi ci d√† un'idea realistica - e da far scoppiare la testa! - delle distanze siderali, ci spiega in quali particolari condizioni possa fiorire la vita (magari finora non l'abbiamo cercata al posto giusto!) e ci elettrizza facendoci seguire le sonde nello spazio e rivelandoci l'esistenza di un numero incommensurabile di pianeti extrasolari. ",Scienza e ingegneria,Scienza,"Astronomia, Fisica",https://www.audible.it/pd/Dove-sono-tutti-quanti-Audiolibri/8831803360?qid=1720975947&sr=1-26&ref_pageloadid=hcdaszBvBTGrTnA3&ref=a_search_c3_lProduct_2_6&pf_rd_p=67f8f22b-aed1-45a6-a456-d09beff03315&pf_rd_r=D4P9SSJSMSZDZ4WFNMDM&pageLoadId=HKC1qphphohEqYP5&creativeId=b2592cc9-1111-40d9-9474-98f67c8075cc,False,Mondadori Libri S.p.A.,Un bellissimo viaggio che attraverso le scoperte scientifiche porta a riflettere sulla vita presente sull'unico pianeta in cui abbiamo certezza che esista,"ottima lettura, scorrevolissima e piacevolmente informativa. Per chiunque sia curioso di saperne qualcosa in pi√π √® davvero consigliato. Inoltre pone davanti tanti quesiti e d√† modo di riflettere sulla nostra esistenza su questo pianeta","Interessante viaggio tra gli astri, istruttivo e facilmente comprensibile. Ottimo esempio di divulgazione scientifica.Voce narrante impeccabile.","scritto molto bene e contenuti affascinanti. Lo consiglio tanto. Da fan di Brian Greene, ora sicuramente non posso che esserlo anche del Professor Balbi.","Amedeo Balbi √® una garanzia. Lettura piacevole, scorrevole e interessante sotto ogni punto di vista.",Una comprensiva sintesi di quanto sappiamo sull‚Äôuniverso r sulle problematiche legate alla possibilit√† dell‚Äôesistenza di altre firme di vita oltre la asterr√†,"S√¨, io che pure appartengo alla generazione di quelli cresciuti a Piero Angela prima di iniziare a fare i compiti al pomeriggio, devo riconoscere all‚Äôautore lo sforzo mirabile di voler semplificare la materia di per s√® complessa, proprio come faceva il nostro zio Piero.",interessante e molto concreto analizza con attenzione le possibilit√† di un possibile contatto con la vita extraterrestre basandoci sulle conoscenze della vita sviluppatasi sulla terra sia a livello unicellulare che intelligente e comparando con i pianeti o lune presenti sia nel sistema solare che nei pianeti che popolano l'universo. consigliato a tutti,Interessante e interessante e interessante e interessante e interessante e interessante e interessante e interessante e stimolante e molto utile e stimolante e molto utile in,"Interessante ma a tratti impreciso, Enea non √® partito dalla Grecia ma da Troia",12
I giorni di Roma - 20 settembre 1870. La breccia di Porta Pia,Lezioni di Storia,"Lezioni di Storia, Titolo 16",Vittorio Vidotto,Vittorio Vidotto,59,4.4,45.0,"20 settembre 1870: poco dopo le dieci del mattino, i cannoni dell'artiglieria italiana cessano di tuonare contro le mura di Roma e i bersaglieri del nuovo Regno d'Italia si lanciano all'assalto di Porta Pia, contrastati ancora dal fuoco di fucileria degli ultimi difensori del papa. Da giorni, 60.000 soldati del generale Cadorna sono schierati lungo le vie Salaria, Appia, Aurelia e Tiburtina e stanno convergendo sulla citt√†. Nell'azione cadono pochi uomini, dall'una e dall'altra parte. Pio IX ha infatti ordinato una resistenza solo simbolica e ha gi√† preparato la bandiera bianca. La presa della citt√† √® dunque quasi solo un atto formale e poco tempo dopo la breccia, un plebiscito sanziona a schiacciante maggioranza l'annessione di Roma e del Lazio al Regno d'Italia. Un episodio di guerra in fondo modesta segna un mutamento epocale. Cade lo Stato pontificio, finisce dopo oltre un millennio il potere temporale dei papi e si compie l'unit√† del Paese. La data del 20 settembre conosce alterne fortune e divide le coscienze, continuando nel tempo ad accendere lo scontro ideologico fra clericalismo e anticlericalismo. Festa nazionale nel 1895, viene cancellata definitivamente nel 1929 con la firma dei Patti Lateranensi. Da quel giorno, da quel momento, al di l√† delle ricorrenze e del loro valore simbolico, nasce una nuova consapevolezza: la laicit√† dello Stato e la missione interamente religiosa della Chiesa. ",Storia,Europa,"Italia, Moderna",https://www.audible.it/pd/I-giorni-di-Roma-20-settembre-1870-La-breccia-di-Porta-Pia-Audiolibri/B07SQ32Y9W?qid=1720990078&sr=1-454&ref_pageloadid=rnE8YOaS2zJfBvo5&ref=a_search_c3_lProduct_23_14&pf_rd_p=67f8f22b-aed1-45a6-a456-d09beff03315&pf_rd_r=6ZSVGPDA1DSSMJ3Z4E7Q&pageLoadId=4flLVEePu6OjddVB&creativeId=b2592cc9-1111-40d9-9474-98f67c8075cc,False,Emons / Laterza,"Bellissima lezione storica sullo stile universitario, su argomenti storici di interesse comune. Anche la lettura √® molto piacevole","Il professor Vidotto, pur non essendo un fine oratore, riesce a coinvolgere l'ascoltatore in una ricostruzione storica breve, ma non superficiale, di un evento tanto importante per la storia del nostro Paese. Ottima la menzione di alcuni aneddoti che arricchiscono la lezione e cruciali certe conclusioni a cui il professore giunge da ultimo, forse con una punta di amarezza. Un plauso agli editori Emons e Laterza per l'idea di queste lezioni.",,,,,,,,,8
